new york,new york,828,474
nassau,new york,167,48
westchester,new york,0,0
suffolk,new york,291,200
rockland,new york,0,0
orange,new york,71,49
albany,new york,25,25
dutchess,new york,31,20
monroe,new york,12,10
erie,new york,52,50
onondaga,new york,0,0
saratoga,new york,0,0
schenectady,new york,10,10
putnam,new york,12,9
rensselaer,new york,6,6
ulster,new york,25,21
columbia,new york,2,1
tompkins,new york,0,0
sullivan,new york,18,17
niagara,new york,12,13
oneida,new york,11,10
ontario,new york,0,0
clinton,new york,0,0
herkimer,new york,1,1
broome,new york,7,7
montgomery,new york,1,1
essex,new york,1,1
wayne,new york,0,0
greene,new york,4,3
allegany,new york,0,0
wyoming,new york,0,0
hamilton,new york,0,0
chenango,new york,0,0
steuben,new york,7,6
livingston,new york,0,0
cortland,new york,0,0
delaware,new york,0,0
tioga,new york,2,2
genesee,new york,6,6
warren,new york,6,6
washington,new york,5,5
schoharie,new york,0,0
fulton,new york,1,1
jefferson,new york,0,0
king,washington,0,0
snohomish,washington,0,0
pierce,washington,0,0
skagit,washington,0,0
island,washington,0,0
spokane,washington,0,0
grant,washington,0,0
kitsap,washington,0,0
yakima,washington,26,24
whatcom,washington,0,0
thurston,washington,0,0
clark,washington,0,0
benton,washington,4,3
jefferson,washington,0,0
kittitas,washington,0,0
klickitat,washington,0,0
clallam,washington,0,0
cowlitz,washington,0,0
chelan,washington,2,2
franklin,washington,14,14
lewis,washington,0,0
grays harbor,washington,0,0
columbia,washington,0,0
lincoln,washington,0,0
mason,washington,0,0
stevens,washington,0,0
san juan,washington,0,0
whitman,washington,0,0
bergen,new jersey,164,120
essex,new jersey,328,297
monmouth,new jersey,46,31
middlesex,new jersey,342,327
hudson,new jersey,486,466
union,new jersey,407,383
morris,new jersey,93,78
ocean,new jersey,108,99
passaic,new jersey,380,371
somerset,new jersey,102,98
mercer,new jersey,161,160
burlington,new jersey,93,93
camden,new jersey,151,152
hunterdon,new jersey,9,9
sussex,new jersey,22,21
warren,new jersey,31,30
gloucester,new jersey,37,36
atlantic,new jersey,34,35
cape may,new jersey,10,10
cumberland,new jersey,36,37
salem,new jersey,12,13
los angeles,california,774,825
santa clara,california,0,0
san diego,california,56,58
san mateo,california,0,0
san francisco,california,13,12
orange,california,6,3
alameda,california,29,30
contra costa,california,4,2
sacramento,california,7,4
marin,california,0,0
san joaquin,california,9,9
riverside,california,164,162
san luis obispo,california,0,0
ventura,california,4,3
sonoma,california,1,1
san bernardino,california,86,86
santa cruz,california,0,0
solano,california,4,4
santa barbara,california,13,12
placer,california,0,0
tulare,california,23,21
monterey,california,5,6
yolo,california,7,6
fresno,california,23,24
imperial,california,15,17
san benito,california,0,0
stanislaus,california,12,12
kern,california,27,25
madera,california,0,0
humboldt,california,0,0
calaveras,california,0,0
siskiyou,california,0,0
yuba,california,0,0
shasta,california,0,0
nevada,california,0,0
mendocino,california,0,1
amador,california,0,0
mono,california,0,0
butte,california,0,0
napa,california,1,1
cook,illinois,1137,1159
dupage,illinois,93,95
lake,illinois,113,115
will,illinois,68,64
kane,illinois,54,60
mchenry,illinois,20,21
mclean,illinois,0,0
sangamon,illinois,3,3
winnebago,illinois,21,23
kendall,illinois,9,9
st. clair,illinois,16,16
clinton,illinois,5,6
peoria,illinois,3,3
woodford,illinois,0,0
madison,illinois,18,19
kankakee,illinois,8,7
champaign,illinois,0,0
cumberland,illinois,0,0
whiteside,illinois,3,3
jackson,illinois,3,3
williamson,illinois,1,2
lasalle,illinois,2,2
washington,illinois,1,1
adams,illinois,2,2
christian,illinois,0,0
dekalb,illinois,2,3
jo daviess,illinois,0,0
stephenson,illinois,0,0
livingston,illinois,0,0
rock island,illinois,19,20
wayne,michigan,0,0
oakland,michigan,25,0
macomb,michigan,92,77
washtenaw,michigan,0,0
kent,michigan,65,71
genesee,michigan,32,26
ingham,michigan,6,6
livingston,michigan,1,0
st. clair,michigan,9,8
monroe,michigan,2,1
ottawa,michigan,8,9
midland,michigan,2,2
berrien,michigan,9,9
charlevoix,michigan,0,0
clinton,michigan,0,0
eaton,michigan,2,2
calhoun,michigan,11,11
saginaw,michigan,27,27
montcalm,michigan,0,0
bay,michigan,5,5
leelanau,michigan,1,1
otsego,michigan,3,4
jackson,michigan,11,11
barry,michigan,2,2
wexford,michigan,0,0
clare,michigan,1,1
allegan,michigan,4,5
tuscola,michigan,4,3
gladwin,michigan,0,0
emmet,michigan,0,0
grand traverse,michigan,0,0
roscommon,michigan,0,0
miami-dade,florida,230,201
broward,florida,57,51
palm beach,florida,59,54
hillsborough,florida,0,0
duval,florida,11,7
pinellas,florida,3,2
alachua,florida,3,2
collier,florida,5,4
orange,florida,0,0
lee,florida,19,18
osceola,florida,2,1
seminole,florida,0,0
st. johns,florida,0,0
sarasota,florida,1,0
okaloosa,florida,2,2
volusia,florida,17,18
manatee,florida,24,24
pasco,florida,3,3
polk,florida,8,7
citrus,florida,2,1
indian river,florida,0,0
clay,florida,9,8
brevard,florida,9,8
lake,florida,0,0
leon,florida,9,9
sumter,florida,0,0
hernando,florida,0,0
santa rosa,florida,2,1
escambia,florida,16,17
walton,florida,0,0
marion,florida,4,4
st. lucie,florida,3,2
charlotte,florida,9,10
martin,florida,2,1
baker,florida,0,0
putnam,florida,4,4
columbia,florida,2,2
gadsden,florida,7,7
nassau,florida,0,0
jackson,florida,1,1
monroe,florida,0,0
bay,florida,2,2
highlands,florida,0,0
bradford,florida,2,2
desoto,florida,0,0
flagler,florida,5,5
orleans,louisiana,0,0
jefferson,louisiana,0,0
st. tammany,louisiana,0,0
east baton rouge,louisiana,26,19
caddo,louisiana,7,2
st. bernard,louisiana,0,0
ascension,louisiana,0,0
lafourche,louisiana,8,4
terrebonne,louisiana,7,5
st. john the baptist,louisiana,5,2
st. charles,louisiana,4,1
lafayette,louisiana,0,0
bossier,louisiana,0,0
plaquemines,louisiana,0,0
calcasieu,louisiana,4,2
west baton rouge,louisiana,1,0
st. landry,louisiana,3,2
tangipahoa,louisiana,17,14
washington,louisiana,7,6
iberia,louisiana,7,7
iberville,louisiana,8,8
livingston,louisiana,3,2
rapides,louisiana,0,0
de soto,louisiana,3,2
evangeline,louisiana,0,0
ouachita,louisiana,19,17
st. james,louisiana,0,0
assumption,louisiana,4,3
webster,louisiana,0,0
catahoula,louisiana,0,0
avoyelles,louisiana,0,0
beauregard,louisiana,0,0
bienville,louisiana,4,4
claiborne,louisiana,0,0
st. mary,louisiana,4,3
acadia,louisiana,0,0
middlesex,massachusetts,609,629
suffolk,massachusetts,504,522
norfolk,massachusetts,206,213
essex,massachusetts,356,369
worcester,massachusetts,219,230
plymouth,massachusetts,218,234
barnstable,massachusetts,3,3
bristol,massachusetts,142,156
berkshire,massachusetts,0,0
hampden,massachusetts,136,137
franklin,massachusetts,1,1
hampshire,massachusetts,13,14
dukes and nantucket,massachusetts,0,0
dallas,texas,56,53
harris,texas,166,142
travis,texas,48,48
tarrant,texas,83,87
bexar,texas,59,62
collin,texas,7,6
denton,texas,0,0
fort bend,texas,27,25
mclennan,texas,0,0
brazoria,texas,13,14
montgomery,texas,16,17
brazos,texas,0,0
galveston,texas,10,8
smith,texas,0,0
bell,texas,3,3
lubbock,texas,17,16
williamson,texas,2,3
el paso,texas,47,49
hays,texas,4,4
cameron,texas,18,17
webb,texas,11,10
wichita,texas,0,0
matagorda,texas,0,0
ellis,texas,5,5
jefferson,texas,13,13
hockley,texas,0,0
johnson,texas,2,2
comal,texas,0,0
grimes,texas,1,1
brown,texas,1,1
randall,texas,8,8
castro,texas,0,0
hardin,texas,4,4
hidalgo,texas,9,7
atascosa,texas,1,1
gregg,texas,2,1
lavaca,texas,0,0
bowie,texas,4,3
rusk,texas,1,1
fannin,texas,1,1
dewitt,texas,0,0
van zandt,texas,0,0
crane,texas,0,0
lamar,texas,0,0
midland,texas,2,3
oldham,texas,0,0
milam,texas,1,1
kendall,texas,0,0
guadalupe,texas,0,0
fayette,texas,0,0
medina,texas,1,0
wharton,texas,1,1
nueces,texas,0,0
upshur,texas,1,1
deaf smith,texas,1,2
chambers,texas,1,1
liberty,texas,2,2
burnet,texas,1,1
walker,texas,15,17
fulton,georgia,47,44
cobb,georgia,43,42
bartow,georgia,0,0
dekalb,georgia,53,51
dougherty,georgia,0,0
gwinnett,georgia,53,52
cherokee,georgia,12,12
lee,georgia,0,0
carroll,georgia,0,0
clayton,georgia,18,17
richmond,georgia,24,25
floyd,georgia,0,0
fayette,georgia,2,2
clarke,georgia,0,0
hall,georgia,82,87
lowndes,georgia,6,6
coweta,georgia,6,5
henry,georgia,7,6
polk,georgia,1,1
gordon,georgia,3,3
newton,georgia,5,5
troup,georgia,6,6
forsyth,georgia,8,8
paulding,georgia,5,4
chatham,georgia,3,3
douglas,georgia,7,7
columbia,georgia,6,6
glynn,georgia,0,0
peach,georgia,1,1
lamar,georgia,1,1
whitfield,georgia,3,3
rockdale,georgia,2,2
early,georgia,4,4
laurens,georgia,1,1
muscogee,georgia,14,13
effingham,georgia,1,1
tift,georgia,2,1
spalding,georgia,6,6
worth,georgia,5,4
pickens,georgia,0,0
sumter,georgia,12,9
terrell,georgia,3,2
baldwin,georgia,14,14
charlton,georgia,0,0
houston,georgia,6,6
barrow,georgia,5,5
oconee,georgia,0,0
turner,georgia,3,3
bibb,georgia,17,17
miller,georgia,1,1
heard,georgia,1,1
dawson,georgia,2,1
monroe,georgia,0,0
randolph,georgia,6,5
clinch,georgia,0,0
lincoln,georgia,0,0
lumpkin,georgia,1,1
butts,georgia,11,12
chattooga,georgia,1,1
twiggs,georgia,0,0
denver,colorado,90,96
eagle,colorado,0,0
el paso,colorado,0,0
jefferson,colorado,18,18
arapahoe,colorado,88,92
weld,colorado,47,47
boulder,colorado,16,17
douglas,colorado,0,0
larimer,colorado,3,3
gunnison,colorado,0,0
adams,colorado,62,65
pitkin,colorado,0,0
garfield,colorado,0,0
summit,colorado,1,1
pueblo,colorado,6,6
routt,colorado,0,0
clear creek,colorado,0,0
chaffee,colorado,3,4
elbert,colorado,2,2
mesa,colorado,0,0
grand,colorado,0,0
morgan,colorado,21,22
crowley,colorado,0,0
broomfield,colorado,4,4
park,colorado,0,0
yuma,colorado,0,0
hinsdale,colorado,0,0
montrose,colorado,2,2
san miguel,colorado,0,0
montgomery,pennsylvania,104,99
philadelphia,pennsylvania,487,487
delaware,pennsylvania,139,137
allegheny,pennsylvania,0,0
bucks,pennsylvania,126,132
monroe,pennsylvania,0,0
chester,pennsylvania,42,42
northampton,pennsylvania,44,39
lehigh,pennsylvania,59,46
berks,pennsylvania,159,159
cumberland,pennsylvania,13,13
york,pennsylvania,21,20
washington,pennsylvania,0,0
luzerne,pennsylvania,33,21
lancaster,pennsylvania,69,66
lackawanna,pennsylvania,30,28
adams,pennsylvania,7,7
westmoreland,pennsylvania,2,1
pike,pennsylvania,9,7
beaver,pennsylvania,16,17
lebanon,pennsylvania,34,33
wayne,pennsylvania,2,1
erie,pennsylvania,2,3
franklin,pennsylvania,10,11
centre,pennsylvania,0,0
potter,pennsylvania,0,0
butler,pennsylvania,0,0
dauphin,pennsylvania,23,23
montour,pennsylvania,0,0
columbia,pennsylvania,18,18
fayette,pennsylvania,1,1
schuylkill,pennsylvania,9,8
mercer,pennsylvania,2,2
davidson,tennessee,72,73
shelby,tennessee,39,36
williamson,tennessee,0,0
sumner,tennessee,0,0
hamilton,tennessee,0,0
rutherford,tennessee,5,5
putnam,tennessee,0,0
knox,tennessee,0,0
tipton,tennessee,3,3
cheatham,tennessee,1,1
dickson,tennessee,2,3
robertson,tennessee,0,0
fayette,tennessee,1,0
montgomery,tennessee,2,2
monroe,tennessee,0,0
jefferson,tennessee,0,0
campbell,tennessee,0,0
cumberland,tennessee,1,1
dyer,tennessee,1,1
wilson,tennessee,1,0
carroll,tennessee,0,0
washington,tennessee,0,0
greene,tennessee,0,0
bradley,tennessee,0,0
hamblen,tennessee,1,1
maury,tennessee,0,0
scott,tennessee,0,0
sullivan,tennessee,0,0
sevier,tennessee,1,1
anderson,tennessee,0,0
blount,tennessee,0,0
gibson,tennessee,1,1
mcminn,tennessee,0,0
cocke,tennessee,1,1
roane,tennessee,0,0
chester,tennessee,0,0
franklin,tennessee,0,0
houston,tennessee,0,0
loudon,tennessee,0,0
marion,tennessee,0,0
perry,tennessee,0,0
milwaukee,wisconsin,6,2
dane,wisconsin,0,0
waukesha,wisconsin,0,0
fond du lac,wisconsin,0,0
washington,wisconsin,0,0
ozaukee,wisconsin,0,0
kenosha,wisconsin,13,13
sheboygan,wisconsin,1,0
winnebago,wisconsin,1,1
la crosse,wisconsin,0,0
columbia,wisconsin,0,0
racine,wisconsin,12,12
eau claire,wisconsin,0,0
brown,wisconsin,64,73
walworth,wisconsin,8,9
rock,wisconsin,7,7
outagamie,wisconsin,0,0
sauk,wisconsin,0,0
st. croix,wisconsin,0,0
jefferson,wisconsin,1,1
pierce,wisconsin,0,0
wood,wisconsin,0,0
calumet,wisconsin,0,0
bayfield,wisconsin,0,0
dunn,wisconsin,0,0
chippewa,wisconsin,0,0
marathon,wisconsin,0,0
douglas,wisconsin,0,0
green,wisconsin,0,0
cuyahoga,ohio,16,16
franklin,ohio,52,52
summit,ohio,9,10
lorain,ohio,13,14
hamilton,ohio,31,31
mahoning,ohio,15,14
butler,ohio,8,8
miami,ohio,0,0
stark,ohio,12,12
medina,ohio,0,0
lucas,ohio,39,39
lake,ohio,0,0
delaware,ohio,0,0
montgomery,ohio,4,2
clermont,ohio,4,4
trumbull,ohio,7,7
warren,ohio,4,4
belmont,ohio,5,5
tuscarawas,ohio,1,1
geauga,ohio,4,4
coshocton,ohio,0,0
ashtabula,ohio,8,9
defiance,ohio,0,0
columbiana,ohio,12,12
darke,ohio,2,2
huron,ohio,1,1
ashland,ohio,0,0
clark,ohio,1,1
richland,ohio,4,4
marion,ohio,237,251
licking,ohio,0,0
union,ohio,0,0
erie,ohio,3,3
gallia,ohio,0,0
madison,ohio,2,2
carroll,ohio,0,0
clinton,ohio,1,1
greene,ohio,1,1
hancock,ohio,1,1
portage,ohio,4,3
wood,ohio,6,7
washington,ohio,5,5
knox,ohio,0,0
fairfield,connecticut,344,347
hartford,connecticut,275,278
new haven,connecticut,347,343
tolland,connecticut,18,19
litchfield,connecticut,35,36
middlesex,connecticut,27,26
new london,connecticut,30,30
windham,connecticut,7,7
mecklenburg,north carolina,0,0
wake,north carolina,1,0
durham,north carolina,16,17
forsyth,north carolina,0,0
union,north carolina,5,5
guilford,north carolina,10,12
harnett,north carolina,3,3
cabarrus,north carolina,9,8
brunswick,north carolina,0,0
iredell,north carolina,0,0
orange,north carolina,5,4
carteret,north carolina,0,0
new hanover,north carolina,0,0
buncombe,north carolina,0,0
cherokee,north carolina,0,0
franklin,north carolina,5,5
chatham,north carolina,14,15
johnston,north carolina,4,3
onslow,north carolina,1,0
wilson,north carolina,9,9
gaston,north carolina,2,2
pitt,north carolina,2,2
cumberland,north carolina,11,12
craven,north carolina,1,1
watauga,north carolina,0,0
moore,north carolina,4,3
rowan,north carolina,21,21
alamance,north carolina,6,6
wayne,north carolina,61,63
sampson,north carolina,2,3
lincoln,north carolina,1,1
hoke,north carolina,2,3
davidson,north carolina,0,0
pasquotank,north carolina,2,2
lee,north carolina,10,11
catawba,north carolina,0,0
chowan,north carolina,0,0
henderson,north carolina,8,8
robeson,north carolina,9,11
hyde,north carolina,0,0
granville,north carolina,2,2
davie,north carolina,0,0
montgomery,north carolina,0,0
nash,north carolina,4,4
scotland,north carolina,1,1
montgomery,maryland,161,161
prince george's,maryland,258,260
baltimore,maryland,97,95
baltimore city,maryland,86,84
howard,maryland,21,21
anne arundel,maryland,70,71
harford,maryland,17,18
charles,maryland,21,20
carroll,maryland,7,7
calvert,maryland,3,2
wicomico,maryland,21,22
worcester,maryland,3,3
talbot,maryland,1,1
frederick,maryland,48,48
caroline,maryland,4,5
queen anne's,maryland,2,3
somerset,maryland,1,1
washington,maryland,6,6
st. mary's,maryland,5,4
james city,virginia,0,0
fairfax,virginia,160,167
arlington,virginia,33,34
prince william,virginia,76,81
virginia beach,virginia,3,2
loudoun,virginia,17,17
chesterfield,virginia,22,22
henrico,virginia,34,33
richmond,virginia,8,9
alexandria,virginia,38,40
stafford,virginia,11,12
york,virginia,0,0
williamsburg,virginia,0,0
charlottesville,virginia,0,0
norfolk,virginia,2,2
spotsylvania,virginia,5,5
goochland,virginia,4,4
albemarle,virginia,0,0
gloucester,virginia,0,0
newport news,virginia,0,0
lee,virginia,1,0
rockingham,virginia,16,17
culpeper,virginia,9,9
hanover,virginia,6,6
prince edward,virginia,3,3
harrisonburg,virginia,32,34
charles city,virginia,0,0
botetourt,virginia,0,0
suffolk,virginia,11,11
accomack,virginia,10,11
mecklenburg,virginia,3,3
rockbridge,virginia,0,0
isle of wight,virginia,6,5
franklin,virginia,0,0
danville,virginia,1,0
bedford,virginia,1,1
amherst,virginia,0,0
fluvanna,virginia,5,5
louisa,virginia,1,0
hinds,mississippi,9,8
desoto,mississippi,0,0
harrison,mississippi,0,0
forrest,mississippi,8,8
pearl river,mississippi,4,4
madison,mississippi,4,4
leflore,mississippi,8,9
coahoma,mississippi,0,0
tippah,mississippi,0,0
rankin,mississippi,1,0
holmes,mississippi,5,6
lee,mississippi,0,0
jackson,mississippi,5,4
lafayette,mississippi,5,5
copiah,mississippi,4,4
hancock,mississippi,0,0
lincoln,mississippi,9,10
lowndes,mississippi,1,1
bolivar,mississippi,0,0
wilkinson,mississippi,1,1
franklin,mississippi,1,1
marshall,mississippi,0,0
pike,mississippi,7,7
itawamba,mississippi,3,3
washington,mississippi,0,0
monroe,mississippi,10,10
walthall,mississippi,0,0
winston,mississippi,2,2
lawrence,mississippi,2,2
grenada,mississippi,2,2
panola,mississippi,1,1
tunica,mississippi,0,0
oktibbeha,mississippi,0,0
sunflower,mississippi,1,0
perry,mississippi,0,0
jones,mississippi,8,9
smith,mississippi,4,4
yazoo,mississippi,6,6
humphreys,mississippi,0,0
webster,mississippi,0,0
adams,mississippi,6,6
clay,mississippi,1,1
george,mississippi,0,0
attala,mississippi,4,5
leake,mississippi,12,14
simpson,mississippi,3,3
union,mississippi,0,0
chickasaw,mississippi,1,1
montgomery,mississippi,0,0
pontotoc,mississippi,0,0
scott,mississippi,17,18
tate,mississippi,0,0
marion,indiana,74,67
hamilton,indiana,8,5
johnson,indiana,14,14
lake,indiana,73,72
hendricks,indiana,23,22
st. joseph,indiana,31,32
howard,indiana,3,3
bartholomew,indiana,8,8
franklin,indiana,0,0
clark,indiana,7,7
allen,indiana,26,27
elkhart,indiana,14,15
boone,indiana,6,5
floyd,indiana,5,4
laporte,indiana,11,11
tippecanoe,indiana,0,0
madison,indiana,15,14
vigo,indiana,2,2
grant,indiana,9,9
delaware,indiana,6,6
hancock,indiana,3,3
noble,indiana,4,4
adams,indiana,0,0
wells,indiana,0,0
fayette,indiana,0,0
jennings,indiana,0,0
wayne,indiana,1,1
owen,indiana,0,0
vanderburgh,indiana,3,3
shelby,indiana,8,9
scott,indiana,2,2
greene,indiana,2,2
monroe,indiana,1,0
miami,indiana,3,3
tipton,indiana,0,1
putnam,indiana,2,1
morgan,indiana,0,0
ripley,indiana,0,0
washington,indiana,0,0
dubois,indiana,1,0
kershaw,south carolina,0,0
richland,south carolina,17,16
greenville,south carolina,14,13
beaufort,south carolina,0,0
charleston,south carolina,0,0
lexington,south carolina,7,6
horry,south carolina,4,3
anderson,south carolina,0,0
lancaster,south carolina,0,0
darlington,south carolina,6,7
york,south carolina,0,0
sumter,south carolina,2,1
orangeburg,south carolina,0,0
greenwood,south carolina,2,2
spartanburg,south carolina,4,3
berkeley,south carolina,7,7
fairfield,south carolina,0,0
calhoun,south carolina,0,0
dorchester,south carolina,0,0
lee,south carolina,2,1
abbeville,south carolina,1,1
saluda,south carolina,2,2
aiken,south carolina,3,3
clarendon,south carolina,6,7
florence,south carolina,16,17
pickens,south carolina,0,0
colleton,south carolina,0,0
dillon,south carolina,4,4
edgefield,south carolina,1,2
marlboro,south carolina,2,2
newberry,south carolina,1,1
hampton,south carolina,1,1
jasper,south carolina,0,0
clark,nevada,32,27
washoe,nevada,21,19
carson city,nevada,1,1
elko county,nevada,0,0
salt lake,utah,57,57
summit,utah,0,0
davis,utah,0,0
wasatch,utah,0,0
utah,utah,32,34
tooele,utah,1,1
cache,utah,2,1
box elder,utah,6,7
hennepin,minnesota,61,65
ramsey,minnesota,7,7
olmsted,minnesota,4,3
dakota,minnesota,0,0
martin,minnesota,0,0
carver,minnesota,0,0
washington,minnesota,0,0
mower,minnesota,0,0
anoka,minnesota,7,8
stearns,minnesota,3,3
blue earth,minnesota,0,0
wright,minnesota,1,1
nicollet,minnesota,0,0
scott,minnesota,0,0
steele,minnesota,0,0
clay,minnesota,8,8
dodge,minnesota,0,0
renville,minnesota,0,0
waseca,minnesota,0,0
benton,minnesota,0,0
rice,minnesota,0,0
chisago,minnesota,0,0
wabasha,minnesota,0,0
jackson,minnesota,1,1
st. louis,minnesota,2,1
cass,minnesota,0,0
jefferson,arkansas,2,1
pulaski,arkansas,2,3
garland,arkansas,0,0
cleburne,arkansas,0,0
washington,arkansas,1,2
faulkner,arkansas,0,0
saline,arkansas,1,1
grant,arkansas,0,0
bradley,arkansas,0,0
clark,arkansas,0,0
craighead,arkansas,2,2
independence,arkansas,0,0
poinsett,arkansas,0,0
pope,arkansas,1,1
searcy,arkansas,0,0
sevier,arkansas,0,0
van buren,arkansas,0,0
benton,arkansas,0,0
boone,arkansas,0,0
crittenden,arkansas,6,6
greene,arkansas,1,1
polk,arkansas,0,0
sebastian,arkansas,0,0
columbia,arkansas,0,0
conway,arkansas,1,1
union,arkansas,1,1
woodruff,arkansas,0,0
washington,oregon,0,0
marion,oregon,1,1
multnomah,oregon,14,13
linn,oregon,0,0
clackamas,oregon,3,3
deschutes,oregon,0,0
yamhill,oregon,0,0
benton,oregon,0,0
lane,oregon,0,0
jackson,oregon,0,0
umatilla,oregon,2,2
klamath,oregon,1,1
douglas,oregon,0,0
polk,oregon,0,0
grant,oregon,0,0
union,oregon,0,0
josephine,oregon,0,0
jefferson,alabama,0,0
shelby,alabama,0,0
lee,alabama,7,6
madison,alabama,0,0
tuscaloosa,alabama,7,7
elmore,alabama,3,3
montgomery,alabama,13,13
st. clair,alabama,1,1
baldwin,alabama,7,7
chambers,alabama,7,6
mobile,alabama,47,46
lauderdale,alabama,0,0
cullman,alabama,2,2
limestone,alabama,0,0
calhoun,alabama,3,3
talladega,alabama,2,2
walker,alabama,0,0
jackson,alabama,1,1
lamar,alabama,1,1
washington,alabama,1,1
marion,alabama,2,2
maricopa,arizona,37,37
pima,arizona,26,25
pinal,arizona,12,13
coconino,arizona,4,3
navajo,arizona,11,10
yavapai,arizona,0,0
apache,arizona,24,25
graham,arizona,0,0
santa cruz,arizona,2,3
yuma,arizona,2,2
cochise,arizona,2,2
jefferson,kentucky,61,65
fayette,kentucky,0,0
harrison,kentucky,0,0
montgomery,kentucky,0,0
clark,kentucky,0,0
bourbon,kentucky,1,1
henderson,kentucky,4,4
warren,kentucky,14,16
pulaski,kentucky,1,1
nelson,kentucky,1,1
lyon,kentucky,1,1
kenton,kentucky,15,17
daviess,kentucky,3,3
anderson,kentucky,0,0
calloway,kentucky,2,2
christian,kentucky,3,2
franklin,kentucky,1,1
hardin,kentucky,1,1
oldham,kentucky,1,1
st. louis,missouri,54,50
boone,missouri,0,0
greene,missouri,0,0
st. louis city,missouri,25,23
jackson,missouri,1,0
cass,missouri,1,1
cole,missouri,0,0
st. charles,missouri,12,10
christian,missouri,0,0
henry,missouri,0,0
scott,missouri,4,4
pulaski,missouri,1,1
dunklin,missouri,0,0
jasper,missouri,1,0
adair,missouri,0,0
johnson,missouri,0,0
bates,missouri,0,0
johnson,iowa,20,21
polk,iowa,39,44
dallas,iowa,5,6
allamakee,iowa,3,3
dubuque,iowa,1,2
linn,iowa,21,22
harrison,iowa,0,0
black hawk,iowa,58,65
washington,iowa,3,2
tama,iowa,17,18
pottawattamie,iowa,1,1
muscatine,iowa,19,20
cerro gordo,iowa,0,0
carroll,iowa,0,0
adair,iowa,0,0
winneshiek,iowa,0,1
fayette,iowa,1,1
henry,iowa,1,1
story,iowa,1,1
scott,iowa,8,8
woodbury,iowa,21,25
kossuth,iowa,0,0
sioux,iowa,0,0
poweshiek,iowa,3,4
cumberland,maine,0,0
york,maine,0,0
lincoln,maine,0,0
oxford,maine,0,0
kennebec,maine,5,4
androscoggin,maine,0,0
sagadahoc,maine,0,0
penobscot,maine,0,0
providence,rhode island,373,393
bristol,rhode island,4,5
washington,rhode island,21,22
newport,rhode island,4,4
kent,rhode island,32,33
rockingham,new hampshire,15,14
grafton,new hampshire,0,0
hillsborough,new hampshire,45,45
carroll,new hampshire,0,0
merrimack,new hampshire,3,3
strafford,new hampshire,5,5
cheshire,new hampshire,2,1
sullivan,new hampshire,0,0
oklahoma,oklahoma,9,9
cleveland,oklahoma,6,5
tulsa,oklahoma,1,0
kay,oklahoma,0,0
pawnee,oklahoma,0,0
payne,oklahoma,0,0
canadian,oklahoma,2,1
washington,oklahoma,14,14
garvin,oklahoma,0,0
jackson,oklahoma,1,1
custer,oklahoma,0,0
grady,oklahoma,2,2
logan,oklahoma,0,0
mcclain,oklahoma,1,1
muskogee,oklahoma,0,0
noble,oklahoma,0,0
johnson,kansas,0,0
wyandotte,kansas,17,16
douglas,kansas,0,0
leavenworth,kansas,6,6
butler,kansas,0,0
linn,kansas,0,0
morris,kansas,0,0
sedgwick,kansas,9,9
franklin,kansas,0,0
cherokee,kansas,0,0
jackson,kansas,0,0
riley,kansas,2,2
reno,kansas,1,1
mitchell,kansas,0,0
ford,kansas,41,46
bernalillo,new mexico,16,15
santa fe,new mexico,0,0
sandoval,new mexico,16,14
taos,new mexico,0,0
socorro,new mexico,3,3
dona ana,new mexico,3,3
san miguel,new mexico,0,0
mckinley,new mexico,59,63
lea,new mexico,1,1
honolulu,hawaii,0,0
maui,hawaii,3,2
kauai,hawaii,0,0
new castle,delaware,56,54
sussex,delaware,104,108
kent,delaware,32,32
chittenden,vermont,0,0
windsor,vermont,0,0
windham,vermont,1,0
bennington,vermont,0,0
orange,vermont,0,0
addison,vermont,0,0
rutland,vermont,3,2
washington,vermont,0,0
franklin,vermont,2,2
douglas,nebraska,10,10
sarpy,nebraska,2,2
lincoln,nebraska,0,0
knox,nebraska,0,0
lancaster,nebraska,7,7
buffalo,nebraska,4,5
cass,nebraska,0,0
adams,nebraska,9,9
nemaha,nebraska,0,0
blaine,idaho,0,0
ada,idaho,0,0
kootenai,idaho,0,0
teton,idaho,0,0
bingham,idaho,0,0
madison,idaho,0,0
twin falls,idaho,8,8
canyon,idaho,3,2
gallatin,montana,0,0
yellowstone,montana,0,0
missoula,montana,0,0
lewis and clark,montana,0,0
cascade,montana,0,0
silver bow,montana,0,0
flathead,montana,0,0
broadwater,montana,0,0
roosevelt,montana,1,1
madison,montana,0,0
ravalli,montana,0,0
burleigh,north dakota,0,0
morton,north dakota,0,0
ward,north dakota,0,0
cass,north dakota,21,23
ramsey,north dakota,0,0
pierce,north dakota,0,0
fremont,wyoming,2,2
laramie,wyoming,4,5
sheridan,wyoming,0,0
teton,wyoming,2,2
park,wyoming,0,0
campbell,wyoming,1,1
natrona,wyoming,0,0
carbon,wyoming,0,0
beadle,south dakota,0,0
minnehaha,south dakota,137,138
pennington,south dakota,0,0
charles mix,south dakota,0,0
davison,south dakota,0,0
bon homme,south dakota,0,0
mccook,south dakota,0,0
brown,south dakota,1,1
fairbanks north star,alaska,0,0
ketchikan gateway,alaska,0,0
anchorage,alaska,0,0
jefferson,west virginia,2,2
kanawha,west virginia,4,4
mercer,west virginia,0,0
tucker,west virginia,0,0
monongalia,west virginia,0,0
marshall,west virginia,0,0
jackson,west virginia,9,10
putnam,west virginia,1,1
autauga,alabama,1,1
barbour,alabama,3,3
bibb,alabama,2,2
blount,alabama,1,1
bullock,alabama,0,0
butler,alabama,2,2
cherokee,alabama,0,0
chilton,alabama,1,1
choctaw,alabama,2,2
clarke,alabama,1,0
clay,alabama,0,0
cleburne,alabama,0,0
coffee,alabama,7,8
colbert,alabama,1,1
conecuh,alabama,1,1
coosa,alabama,1,1
covington,alabama,2,2
crenshaw,alabama,1,1
dale,alabama,2,2
dallas,alabama,2,2
dekalb,alabama,4,4
escambia,alabama,2,2
etowah,alabama,5,5
fayette,alabama,0,0
franklin,alabama,2,2
geneva,alabama,1,1
greene,alabama,3,3
hale,alabama,3,3
henry,alabama,1,1
houston,alabama,3,3
lawrence,alabama,0,0
lowndes,alabama,2,2
macon,alabama,2,2
marengo,alabama,2,2
marshall,alabama,22,23
monroe,alabama,0,0
morgan,alabama,0,0
perry,alabama,0,0
pickens,alabama,2,2
pike,alabama,4,4
randolph,alabama,3,3
russell,alabama,4,3
sumter,alabama,3,3
tallapoosa,alabama,20,21
wilcox,alabama,3,3
winston,alabama,0,0
aleutians east,alaska,0,0
aleutians west,alaska,0,0
bethel,alaska,0,0
bristol bay,alaska,0,0
denali,alaska,0,0
dillingham,alaska,0,0
haines,alaska,0,0
hoonah-angoon,alaska,0,0
juneau,alaska,0,0
kenai peninsula,alaska,0,0
kodiak island,alaska,0,0
kusilvak,alaska,0,0
lake and peninsula,alaska,0,0
matanuska-susitna,alaska,1,1
nome,alaska,0,0
north slope,alaska,0,0
northwest arctic,alaska,0,0
petersburg,alaska,0,0
prince of wales-hyder,alaska,0,0
sitka,alaska,0,0
skagway,alaska,0,0
southeast fairbanks,alaska,0,0
valdez-cordova,alaska,0,0
wrangell,alaska,0,0
yakutat,alaska,0,0
yukon-koyukuk,alaska,0,0
gila,arizona,1,1
greenlee,arizona,0,0
la paz,arizona,0,0
mohave,arizona,4,4
arkansas,arkansas,0,0
ashley,arkansas,0,0
baxter,arkansas,0,0
calhoun,arkansas,0,0
carroll,arkansas,0,0
chicot,arkansas,0,0
clay,arkansas,0,0
cleveland,arkansas,0,0
crawford,arkansas,0,0
cross,arkansas,0,0
dallas,arkansas,0,0
desha,arkansas,1,1
drew,arkansas,1,1
franklin,arkansas,0,0
fulton,arkansas,0,0
hempstead,arkansas,0,0
hot spring,arkansas,0,0
howard,arkansas,1,1
izard,arkansas,0,0
jackson,arkansas,0,0
johnson,arkansas,1,1
lafayette,arkansas,1,1
lawrence,arkansas,3,3
lee,arkansas,0,0
lincoln,arkansas,83,96
little river,arkansas,0,0
logan,arkansas,0,0
lonoke,arkansas,0,0
madison,arkansas,0,0
marion,arkansas,0,0
miller,arkansas,1,1
mississippi,arkansas,0,0
monroe,arkansas,0,0
montgomery,arkansas,0,0
nevada,arkansas,0,0
newton,arkansas,0,0
ouachita,arkansas,0,0
perry,arkansas,0,1
phillips,arkansas,0,0
pike,arkansas,0,0
prairie,arkansas,0,0
randolph,arkansas,1,1
scott,arkansas,0,0
sharp,arkansas,0,0
st. francis,arkansas,5,4
stone,arkansas,0,0
white,arkansas,0,0
yell,arkansas,0,0
alpine,california,0,0
colusa,california,0,0
del norte,california,0,0
el dorado,california,0,0
glenn,california,0,0
inyo,california,0,0
kings,california,4,5
lake,california,0,0
lassen,california,0,0
mariposa,california,0,0
merced,california,4,4
modoc,california,0,0
plumas,california,0,0
sierra,california,0,0
sutter,california,2,2
tehama,california,0,0
trinity,california,0,0
tuolumne,california,0,0
alamosa,colorado,0,0
archuleta,colorado,0,0
baca,colorado,0,0
bent,colorado,0,0
cheyenne,colorado,0,0
conejos,colorado,0,0
costilla,colorado,0,0
custer,colorado,0,0
delta,colorado,2,2
dolores,colorado,0,0
fremont,colorado,1,1
gilpin,colorado,0,0
huerfano,colorado,0,0
jackson,colorado,0,0
kiowa,colorado,0,0
kit carson,colorado,1,1
la plata,colorado,0,0
lake,colorado,1,1
las animas,colorado,0,0
lincoln,colorado,0,0
logan,colorado,1,2
mineral,colorado,0,0
moffat,colorado,0,0
montezuma,colorado,0,0
otero,colorado,0,0
ouray,colorado,0,0
phillips,colorado,0,0
prowers,colorado,0,0
rio blanco,colorado,0,0
rio grande,colorado,0,0
saguache,colorado,0,0
san juan,colorado,0,0
sedgwick,colorado,0,0
teller,colorado,0,0
washington,colorado,0,0
district of columbia,district of columbia,157,156
calhoun,florida,0,0
dixie,florida,0,0
franklin,florida,0,0
gilchrist,florida,0,0
glades,florida,0,0
gulf,florida,0,0
hamilton,florida,1,1
hardee,florida,1,1
hendry,florida,5,6
holmes,florida,1,1
jefferson,florida,2,1
lafayette,florida,0,0
levy,florida,1,1
liberty,florida,0,0
madison,florida,3,3
okeechobee,florida,0,0
suwannee,florida,5,4
taylor,florida,0,0
union,florida,0,0
wakulla,florida,1,1
washington,florida,1,1
appling,georgia,5,6
atkinson,georgia,0,0
bacon,georgia,0,0
baker,georgia,0,0
banks,georgia,1,1
ben hill,georgia,1,1
berrien,georgia,1,1
bleckley,georgia,1,1
brantley,georgia,1,1
brooks,georgia,3,3
bryan,georgia,1,1
bulloch,georgia,2,2
burke,georgia,5,5
calhoun,georgia,5,5
camden,georgia,0,0
candler,georgia,0,0
catoosa,georgia,4,4
chattahoochee,georgia,0,0
clay,georgia,0,0
coffee,georgia,4,4
colquitt,georgia,7,7
cook,georgia,1,1
crawford,georgia,1,1
crisp,georgia,8,8
dade,georgia,2,2
decatur,georgia,4,4
dodge,georgia,1,1
dooly,georgia,7,8
echols,georgia,0,0
elbert,georgia,1,2
emanuel,georgia,1,1
evans,georgia,0,0
fannin,georgia,1,1
franklin,georgia,1,1
gilmer,georgia,3,3
glascock,georgia,0,0
grady,georgia,4,4
greene,georgia,2,2
habersham,georgia,18,19
hancock,georgia,2,2
haralson,georgia,1,1
harris,georgia,4,4
hart,georgia,0,0
irwin,georgia,0,0
jackson,georgia,5,5
jasper,georgia,1,1
jeff davis,georgia,1,1
jefferson,georgia,1,1
jenkins,georgia,1,1
johnson,georgia,3,2
jones,georgia,1,1
lanier,georgia,0,0
liberty,georgia,1,1
long,georgia,0,0
macon,georgia,6,6
madison,georgia,1,1
marion,georgia,3,3
mcduffie,georgia,2,2
mcintosh,georgia,0,0
meriwether,georgia,2,2
mitchell,georgia,15,15
montgomery,georgia,0,0
morgan,georgia,1,1
murray,georgia,0,0
oglethorpe,georgia,5,5
pierce,georgia,1,0
pike,georgia,2,2
pulaski,georgia,1,1
putnam,georgia,3,3
quitman,georgia,0,0
rabun,georgia,0,0
schley,georgia,0,0
screven,georgia,1,1
seminole,georgia,1,1
stephens,georgia,4,4
stewart,georgia,1,1
talbot,georgia,1,1
taliaferro,georgia,0,0
tattnall,georgia,0,0
taylor,georgia,1,1
telfair,georgia,1,1
thomas,georgia,9,9
toombs,georgia,1,1
towns,georgia,2,2
treutlen,georgia,0,0
union,georgia,3,3
upson,georgia,14,13
walker,georgia,6,7
walton,georgia,5,6
ware,georgia,5,5
warren,georgia,0,0
washington,georgia,1,1
wayne,georgia,1,1
webster,georgia,0,0
wheeler,georgia,0,0
white,georgia,3,3
wilcox,georgia,6,7
wilkes,georgia,2,2
wilkinson,georgia,2,2
hawaii,hawaii,2,2
kalawao,hawaii,0,0
adams,idaho,0,0
bannock,idaho,0,0
bear lake,idaho,0,0
benewah,idaho,0,0
boise,idaho,0,0
bonner,idaho,0,0
bonneville,idaho,2,2
boundary,idaho,0,0
butte,idaho,0,0
camas,idaho,0,0
caribou,idaho,0,0
cassia,idaho,0,0
clark,idaho,0,0
clearwater,idaho,0,0
custer,idaho,0,0
elmore,idaho,2,2
franklin,idaho,0,0
fremont,idaho,0,0
gem,idaho,0,0
gooding,idaho,0,0
idaho,idaho,0,0
jefferson,idaho,0,0
jerome,idaho,2,1
latah,idaho,0,0
lemhi,idaho,0,0
lewis,idaho,0,0
lincoln,idaho,1,0
minidoka,idaho,1,0
nez perce,idaho,4,4
oneida,idaho,0,0
owyhee,idaho,0,1
payette,idaho,0,0
power,idaho,0,0
shoshone,idaho,0,0
valley,idaho,0,0
washington,idaho,0,0
alexander,illinois,0,0
bond,illinois,0,0
boone,illinois,6,7
brown,illinois,0,0
bureau,illinois,0,0
calhoun,illinois,0,0
carroll,illinois,0,0
cass,illinois,4,6
clark,illinois,0,0
clay,illinois,0,0
coles,illinois,2,2
crawford,illinois,1,1
de witt,illinois,0,0
douglas,illinois,0,0
edgar,illinois,0,0
edwards,illinois,0,0
effingham,illinois,0,0
fayette,illinois,1,1
ford,illinois,1,1
franklin,illinois,0,0
fulton,illinois,0,0
gallatin,illinois,0,0
greene,illinois,0,0
grundy,illinois,1,0
hamilton,illinois,0,0
hancock,illinois,0,0
hardin,illinois,0,0
henderson,illinois,1,1
henry,illinois,2,1
iroquois,illinois,0,0
jasper,illinois,5,5
jefferson,illinois,10,11
jersey,illinois,1,1
johnson,illinois,0,0
knox,illinois,3,3
lawrence,illinois,0,0
lee,illinois,1,1
logan,illinois,0,0
macon,illinois,9,9
macoupin,illinois,1,1
marion,illinois,2,2
marshall,illinois,0,0
mason,illinois,0,0
massac,illinois,0,0
mcdonough,illinois,0,1
menard,illinois,0,0
mercer,illinois,0,1
monroe,illinois,3,2
montgomery,illinois,2,2
morgan,illinois,0,0
moultrie,illinois,0,0
ogle,illinois,7,7
perry,illinois,0,0
piatt,illinois,0,0
pike,illinois,0,0
pope,illinois,0,0
pulaski,illinois,2,2
putnam,illinois,0,0
randolph,illinois,4,4
richland,illinois,0,0
saline,illinois,0,0
schuyler,illinois,0,0
scott,illinois,0,0
shelby,illinois,1,1
stark,illinois,0,0
tazewell,illinois,3,4
union,illinois,1,1
vermilion,illinois,0,0
wabash,illinois,0,0
warren,illinois,6,7
wayne,illinois,0,0
white,illinois,0,0
benton,indiana,1,1
blackford,indiana,0,0
brown,indiana,0,0
carroll,indiana,0,0
cass,indiana,29,33
clay,indiana,1,1
clinton,indiana,2,2
crawford,indiana,0,0
daviess,indiana,4,4
dearborn,indiana,6,5
decatur,indiana,0,0
dekalb,indiana,5,4
fountain,indiana,1,1
fulton,indiana,0,0
gibson,indiana,0,0
harrison,indiana,5,5
henry,indiana,1,1
huntington,indiana,0,0
jackson,indiana,3,3
jasper,indiana,1,1
jay,indiana,1,1
jefferson,indiana,1,1
knox,indiana,0,0
kosciusko,indiana,0,0
lagrange,indiana,1,1
lawrence,indiana,1,0
marshall,indiana,1,1
martin,indiana,0,0
montgomery,indiana,0,0
newton,indiana,3,3
ohio,indiana,0,0
orange,indiana,5,5
parke,indiana,1,1
perry,indiana,0,0
pike,indiana,0,0
porter,indiana,7,7
posey,indiana,0,0
pulaski,indiana,1,1
randolph,indiana,0,0
rush,indiana,1,1
spencer,indiana,0,0
starke,indiana,0,0
steuben,indiana,1,1
sullivan,indiana,1,1
switzerland,indiana,0,0
union,indiana,0,0
vermillion,indiana,0,0
wabash,indiana,1,1
warren,indiana,1,1
warrick,indiana,4,4
white,indiana,1,1
whitley,indiana,0,0
adams,iowa,0,0
appanoose,iowa,0,0
audubon,iowa,0,0
benton,iowa,0,0
boone,iowa,0,0
bremer,iowa,3,4
buchanan,iowa,0,0
buena vista,iowa,0,0
butler,iowa,0,0
calhoun,iowa,0,0
cass,iowa,0,0
cedar,iowa,0,0
cherokee,iowa,0,1
chickasaw,iowa,0,0
clarke,iowa,0,0
clay,iowa,0,0
clayton,iowa,0,0
clinton,iowa,1,1
crawford,iowa,0,0
davis,iowa,0,0
decatur,iowa,0,0
delaware,iowa,0,0
des moines,iowa,1,1
dickinson,iowa,0,0
emmet,iowa,0,0
floyd,iowa,0,0
franklin,iowa,0,0
fremont,iowa,0,0
greene,iowa,0,0
grundy,iowa,1,1
guthrie,iowa,0,0
hamilton,iowa,1,1
hancock,iowa,0,0
hardin,iowa,0,0
howard,iowa,0,0
humboldt,iowa,1,1
ida,iowa,0,0
iowa,iowa,0,0
jackson,iowa,0,0
jasper,iowa,6,7
jefferson,iowa,0,0
jones,iowa,1,1
keokuk,iowa,0,0
lee,iowa,0,0
louisa,iowa,22,21
lucas,iowa,0,0
lyon,iowa,0,0
madison,iowa,0,0
mahaska,iowa,0,0
marion,iowa,0,0
marshall,iowa,28,31
mills,iowa,0,0
mitchell,iowa,0,0
monona,iowa,0,0
monroe,iowa,0,0
montgomery,iowa,0,0
o'brien,iowa,0,0
osceola,iowa,1,1
page,iowa,0,0
palo alto,iowa,0,0
plymouth,iowa,0,0
pocahontas,iowa,0,0
ringgold,iowa,0,0
sac,iowa,0,0
shelby,iowa,0,0
taylor,iowa,0,0
union,iowa,0,0
van buren,iowa,0,0
wapello,iowa,0,0
warren,iowa,0,0
wayne,iowa,0,0
webster,iowa,0,0
winnebago,iowa,0,0
worth,iowa,0,0
wright,iowa,0,0
allen,kansas,0,0
anderson,kansas,0,0
atchison,kansas,1,1
barber,kansas,0,0
barton,kansas,0,0
bourbon,kansas,0,0
brown,kansas,0,0
chase,kansas,0,0
chautauqua,kansas,0,0
cheyenne,kansas,0,0
clark,kansas,0,0
clay,kansas,0,0
cloud,kansas,0,0
coffey,kansas,0,0
comanche,kansas,0,0
cowley,kansas,0,0
crawford,kansas,0,0
decatur,kansas,0,0
dickinson,kansas,0,0
doniphan,kansas,0,0
edwards,kansas,0,0
elk,kansas,0,0
ellis,kansas,1,1
ellsworth,kansas,0,0
finney,kansas,18,21
geary,kansas,0,0
gove,kansas,0,0
graham,kansas,0,0
grant,kansas,0,0
gray,kansas,1,1
greeley,kansas,0,0
greenwood,kansas,0,0
hamilton,kansas,0,0
harper,kansas,0,0
harvey,kansas,0,0
haskell,kansas,1,2
hodgeman,kansas,0,0
jefferson,kansas,0,0
jewell,kansas,0,0
kearny,kansas,2,2
kingman,kansas,0,0
kiowa,kansas,0,0
labette,kansas,1,1
lane,kansas,0,0
lincoln,kansas,0,0
logan,kansas,0,0
lyon,kansas,16,18
marion,kansas,0,0
marshall,kansas,0,0
mcpherson,kansas,0,0
meade,kansas,0,0
miami,kansas,0,0
montgomery,kansas,0,0
morton,kansas,0,0
nemaha,kansas,0,0
neosho,kansas,0,0
ness,kansas,0,0
norton,kansas,0,0
osage,kansas,0,0
osborne,kansas,0,0
ottawa,kansas,0,0
pawnee,kansas,0,0
phillips,kansas,0,0
pottawatomie,kansas,0,0
pratt,kansas,0,0
rawlins,kansas,0,0
republic,kansas,0,0
rice,kansas,1,1
rooks,kansas,0,0
rush,kansas,0,0
russell,kansas,0,0
saline,kansas,1,1
scott,kansas,0,0
seward,kansas,42,50
shawnee,kansas,2,1
sheridan,kansas,1,1
sherman,kansas,0,1
smith,kansas,0,0
stafford,kansas,0,0
stanton,kansas,0,0
stevens,kansas,0,0
sumner,kansas,0,0
thomas,kansas,0,0
trego,kansas,0,0
wabaunsee,kansas,1,1
wallace,kansas,0,0
washington,kansas,0,0
wichita,kansas,0,0
wilson,kansas,0,0
woodson,kansas,0,0
adair,kentucky,8,8
allen,kentucky,0,0
ballard,kentucky,1,1
barren,kentucky,1,1
bath,kentucky,0,0
bell,kentucky,0,0
boone,kentucky,7,6
boyd,kentucky,1,1
boyle,kentucky,1,1
bracken,kentucky,0,0
breathitt,kentucky,0,0
breckinridge,kentucky,0,0
bullitt,kentucky,2,2
butler,kentucky,10,11
caldwell,kentucky,1,1
campbell,kentucky,4,4
carlisle,kentucky,0,0
carroll,kentucky,0,0
carter,kentucky,0,0
casey,kentucky,0,0
clay,kentucky,0,0
clinton,kentucky,0,0
crittenden,kentucky,0,0
cumberland,kentucky,0,0
edmonson,kentucky,0,1
elliott,kentucky,0,0
estill,kentucky,0,0
fleming,kentucky,0,0
floyd,kentucky,1,1
fulton,kentucky,0,0
gallatin,kentucky,0,0
garrard,kentucky,0,0
grant,kentucky,1,1
graves,kentucky,10,11
grayson,kentucky,4,5
green,kentucky,0,0
greenup,kentucky,1,1
hancock,kentucky,1,0
harlan,kentucky,0,0
hart,kentucky,0,0
henry,kentucky,0,0
hickman,kentucky,1,1
hopkins,kentucky,10,11
jackson,kentucky,6,6
jessamine,kentucky,0,0
johnson,kentucky,0,0
knott,kentucky,0,0
knox,kentucky,1,0
larue,kentucky,0,0
laurel,kentucky,1,1
lawrence,kentucky,0,0
lee,kentucky,0,0
leslie,kentucky,0,0
letcher,kentucky,0,0
lewis,kentucky,0,0
lincoln,kentucky,0,0
livingston,kentucky,0,0
logan,kentucky,0,0
madison,kentucky,0,0
magoffin,kentucky,0,0
marion,kentucky,1,1
marshall,kentucky,2,2
martin,kentucky,0,0
mason,kentucky,0,0
mccracken,kentucky,1,0
mccreary,kentucky,1,1
mclean,kentucky,1,1
meade,kentucky,0,0
menifee,kentucky,0,0
mercer,kentucky,0,0
metcalfe,kentucky,0,0
monroe,kentucky,0,0
morgan,kentucky,0,0
muhlenberg,kentucky,7,7
nicholas,kentucky,0,0
ohio,kentucky,4,4
owen,kentucky,0,0
owsley,kentucky,0,0
pendleton,kentucky,0,0
perry,kentucky,0,0
pike,kentucky,1,1
powell,kentucky,0,0
robertson,kentucky,0,0
rockcastle,kentucky,0,0
rowan,kentucky,0,0
russell,kentucky,1,1
scott,kentucky,0,0
shelby,kentucky,1,1
simpson,kentucky,0,0
spencer,kentucky,0,0
taylor,kentucky,0,0
todd,kentucky,1,1
trigg,kentucky,0,0
trimble,kentucky,0,0
union,kentucky,0,0
washington,kentucky,0,0
wayne,kentucky,0,0
webster,kentucky,1,1
whitley,kentucky,1,1
wolfe,kentucky,0,0
woodford,kentucky,1,0
allen,louisiana,0,0
caldwell,louisiana,0,0
cameron,louisiana,0,0
concordia,louisiana,1,1
east carroll,louisiana,1,1
east feliciana,louisiana,3,3
franklin,louisiana,7,7
grant,louisiana,0,0
jackson,louisiana,1,1
jefferson davis,louisiana,1,1
lasalle,louisiana,1,1
lincoln,louisiana,2,2
madison,louisiana,0,0
morehouse,louisiana,2,1
natchitoches,louisiana,3,3
pointe coupee,louisiana,5,5
red river,louisiana,1,1
richland,louisiana,3,3
sabine,louisiana,0,0
st. helena,louisiana,1,1
st. martin,louisiana,4,3
tensas,louisiana,0,0
union,louisiana,4,4
vermilion,louisiana,0,0
vernon,louisiana,0,0
west carroll,louisiana,0,0
west feliciana,louisiana,5,4
winn,louisiana,1,1
aroostook,maine,0,0
franklin,maine,2,2
hancock,maine,0,0
knox,maine,0,0
piscataquis,maine,0,0
somerset,maine,1,1
waldo,maine,3,3
washington,maine,0,0
allegany,maryland,10,11
cecil,maryland,6,6
dorchester,maryland,3,3
garrett,maryland,0,0
kent,maryland,7,8
dukes,massachusetts,0,0
nantucket,massachusetts,0,0
alcona,michigan,1,1
alger,michigan,0,0
alpena,michigan,10,11
antrim,michigan,0,0
arenac,michigan,1,1
baraga,michigan,0,0
benzie,michigan,0,0
branch,michigan,2,2
cass,michigan,1,1
cheboygan,michigan,0,0
chippewa,michigan,0,0
crawford,michigan,4,5
delta,michigan,0,0
dickinson,michigan,0,0
gogebic,michigan,0,0
gratiot,michigan,0,0
hillsdale,michigan,2,2
houghton,michigan,0,0
huron,michigan,0,0
ionia,michigan,2,2
iosco,michigan,3,3
iron,michigan,0,0
isabella,michigan,1,1
kalamazoo,michigan,18,19
kalkaska,michigan,0,0
keweenaw,michigan,0,0
lake,michigan,0,0
lapeer,michigan,7,6
lenawee,michigan,1,1
luce,michigan,0,0
mackinac,michigan,0,0
manistee,michigan,0,0
marquette,michigan,1,1
mason,michigan,0,0
mecosta,michigan,0,0
menominee,michigan,0,0
missaukee,michigan,1,2
montmorency,michigan,1,1
muskegon,michigan,14,15
newaygo,michigan,1,1
oceana,michigan,0,0
ogemaw,michigan,0,0
ontonagon,michigan,0,0
osceola,michigan,0,0
oscoda,michigan,0,0
presque isle,michigan,1,1
sanilac,michigan,0,0
schoolcraft,michigan,0,0
shiawassee,michigan,9,9
st. joseph,michigan,0,0
van buren,michigan,1,0
aitkin,minnesota,0,0
becker,minnesota,0,0
beltrami,minnesota,0,0
big stone,minnesota,0,0
brown,minnesota,0,0
carlton,minnesota,3,3
chippewa,minnesota,0,0
clearwater,minnesota,0,0
cook,minnesota,0,0
cottonwood,minnesota,0,0
crow wing,minnesota,1,0
douglas,minnesota,0,0
faribault,minnesota,0,0
fillmore,minnesota,0,0
freeborn,minnesota,1,1
goodhue,minnesota,0,0
grant,minnesota,0,0
houston,minnesota,0,0
hubbard,minnesota,0,0
isanti,minnesota,0,0
itasca,minnesota,0,0
kanabec,minnesota,0,0
kandiyohi,minnesota,1,1
kittson,minnesota,0,0
koochiching,minnesota,0,0
lac qui parle,minnesota,0,0
lake,minnesota,0,0
lake of the woods,minnesota,0,0
le sueur,minnesota,0,0
lincoln,minnesota,0,0
lyon,minnesota,0,0
mahnomen,minnesota,0,0
marshall,minnesota,0,0
mcleod,minnesota,0,0
meeker,minnesota,0,0
mille lacs,minnesota,0,0
morrison,minnesota,0,0
murray,minnesota,0,1
nobles,minnesota,41,49
norman,minnesota,1,1
otter tail,minnesota,0,0
pennington,minnesota,0,0
pine,minnesota,6,7
pipestone,minnesota,0,0
polk,minnesota,2,3
pope,minnesota,0,0
red lake,minnesota,0,0
redwood,minnesota,0,0
rock,minnesota,0,0
roseau,minnesota,0,0
sherburne,minnesota,0,0
sibley,minnesota,0,0
stevens,minnesota,0,0
swift,minnesota,0,0
todd,minnesota,0,0
traverse,minnesota,0,0
wadena,minnesota,0,0
watonwan,minnesota,0,0
wilkin,minnesota,0,0
winona,minnesota,3,3
yellow medicine,minnesota,0,0
alcorn,mississippi,0,0
amite,mississippi,1,1
benton,mississippi,0,0
calhoun,mississippi,3,3
carroll,mississippi,1,1
choctaw,mississippi,0,0
claiborne,mississippi,1,1
clarke,mississippi,3,3
covington,mississippi,3,4
greene,mississippi,0,0
issaquena,mississippi,0,0
jasper,mississippi,2,2
jefferson,mississippi,0,0
jefferson davis,mississippi,2,2
kemper,mississippi,2,2
lamar,mississippi,5,5
lauderdale,mississippi,13,13
marion,mississippi,3,3
neshoba,mississippi,11,11
newton,mississippi,5,5
noxubee,mississippi,3,3
prentiss,mississippi,1,1
quitman,mississippi,0,0
sharkey,mississippi,0,0
stone,mississippi,2,1
tallahatchie,mississippi,0,0
tishomingo,mississippi,1,1
warren,mississippi,3,4
wayne,mississippi,1,1
yalobusha,mississippi,0,0
andrew,missouri,0,0
atchison,missouri,0,0
audrain,missouri,0,0
barry,missouri,0,0
barton,missouri,0,0
benton,missouri,0,0
bollinger,missouri,0,0
buchanan,missouri,3,3
butler,missouri,2,2
caldwell,missouri,0,0
callaway,missouri,0,0
camden,missouri,0,0
cape girardeau,missouri,0,0
carroll,missouri,1,1
carter,missouri,0,0
cedar,missouri,0,0
chariton,missouri,0,0
clark,missouri,0,0
clay,missouri,0,0
clinton,missouri,0,0
cooper,missouri,0,0
crawford,missouri,0,0
dade,missouri,0,0
dallas,missouri,0,0
daviess,missouri,0,0
dekalb,missouri,0,0
dent,missouri,0,0
douglas,missouri,0,0
franklin,missouri,3,2
gasconade,missouri,0,0
gentry,missouri,0,0
grundy,missouri,0,0
harrison,missouri,0,0
hickory,missouri,0,0
holt,missouri,0,0
howard,missouri,0,0
howell,missouri,0,0
iron,missouri,0,0
jefferson,missouri,11,10
knox,missouri,0,0
laclede,missouri,0,0
lafayette,missouri,0,0
lawrence,missouri,0,0
lewis,missouri,2,2
lincoln,missouri,3,3
linn,missouri,0,0
livingston,missouri,0,0
macon,missouri,0,0
madison,missouri,0,0
maries,missouri,0,0
marion,missouri,1,1
mcdonald,missouri,0,0
mercer,missouri,0,0
miller,missouri,0,0
mississippi,missouri,1,1
moniteau,missouri,6,6
monroe,missouri,0,0
montgomery,missouri,0,0
morgan,missouri,0,0
new madrid,missouri,0,0
newton,missouri,0,0
nodaway,missouri,0,0
oregon,missouri,0,0
osage,missouri,0,0
ozark,missouri,0,0
pemiscot,missouri,1,1
perry,missouri,0,0
pettis,missouri,3,4
phelps,missouri,0,0
pike,missouri,0,0
platte,missouri,0,0
polk,missouri,0,0
putnam,missouri,0,0
ralls,missouri,0,0
randolph,missouri,0,0
ray,missouri,0,0
reynolds,missouri,0,0
ripley,missouri,0,0
saline,missouri,16,17
schuyler,missouri,0,0
scotland,missouri,0,0
shannon,missouri,0,0
shelby,missouri,0,0
st. clair,missouri,0,0
st. francois,missouri,0,0
ste. genevieve,missouri,0,0
stoddard,missouri,1,1
stone,missouri,0,0
sullivan,missouri,0,0
taney,missouri,0,0
texas,missouri,0,0
vernon,missouri,0,0
warren,missouri,0,0
washington,missouri,1,1
wayne,missouri,0,0
webster,missouri,1,1
worth,missouri,0,0
wright,missouri,0,0
beaverhead,montana,0,0
big horn,montana,0,0
blaine,montana,0,0
carbon,montana,0,0
carter,montana,0,0
chouteau,montana,0,0
custer,montana,0,0
daniels,montana,0,0
dawson,montana,0,0
deer lodge,montana,0,0
fallon,montana,0,0
fergus,montana,0,0
garfield,montana,0,0
glacier,montana,0,0
golden valley,montana,0,0
granite,montana,0,0
hill,montana,0,0
jefferson,montana,0,0
judith basin,montana,0,0
lake,montana,0,0
liberty,montana,0,0
lincoln,montana,0,0
mccone,montana,0,0
meagher,montana,0,0
mineral,montana,0,0
musselshell,montana,0,0
park,montana,0,0
petroleum,montana,0,0
phillips,montana,0,0
pondera,montana,0,0
powder river,montana,0,0
powell,montana,0,0
prairie,montana,0,0
richland,montana,0,0
rosebud,montana,0,0
sanders,montana,0,0
sheridan,montana,0,0
stillwater,montana,0,0
sweet grass,montana,0,0
teton,montana,0,0
toole,montana,0,0
treasure,montana,0,0
valley,montana,0,0
wheatland,montana,0,0
wibaux,montana,0,0
antelope,nebraska,0,0
arthur,nebraska,0,0
banner,nebraska,0,0
blaine,nebraska,0,0
boone,nebraska,0,0
box butte,nebraska,0,0
boyd,nebraska,0,0
brown,nebraska,0,0
burt,nebraska,0,0
butler,nebraska,0,0
cedar,nebraska,0,0
chase,nebraska,0,0
cherry,nebraska,0,0
cheyenne,nebraska,0,0
clay,nebraska,0,0
colfax,nebraska,1,1
cuming,nebraska,0,0
custer,nebraska,1,1
dakota,nebraska,42,51
dawes,nebraska,0,0
dawson,nebraska,36,41
deuel,nebraska,0,0
dixon,nebraska,0,0
dodge,nebraska,4,4
dundy,nebraska,0,0
fillmore,nebraska,0,0
franklin,nebraska,0,0
frontier,nebraska,0,0
furnas,nebraska,0,0
gage,nebraska,0,0
garden,nebraska,0,0
garfield,nebraska,0,0
gosper,nebraska,1,1
grant,nebraska,0,0
greeley,nebraska,0,0
hall,nebraska,70,75
hamilton,nebraska,2,3
harlan,nebraska,0,0
hayes,nebraska,0,0
hitchcock,nebraska,0,0
holt,nebraska,0,0
hooker,nebraska,0,0
howard,nebraska,2,2
jefferson,nebraska,0,0
johnson,nebraska,0,0
kearney,nebraska,0,0
keith,nebraska,0,0
keya paha,nebraska,0,0
kimball,nebraska,0,0
logan,nebraska,0,0
loup,nebraska,0,0
madison,nebraska,5,6
mcpherson,nebraska,0,0
merrick,nebraska,1,1
morrill,nebraska,0,0
nance,nebraska,0,0
nuckolls,nebraska,0,0
otoe,nebraska,0,0
pawnee,nebraska,0,0
perkins,nebraska,0,0
phelps,nebraska,0,0
pierce,nebraska,0,0
platte,nebraska,1,1
polk,nebraska,1,0
red willow,nebraska,0,0
richardson,nebraska,0,0
rock,nebraska,0,0
saline,nebraska,5,6
saunders,nebraska,0,0
scotts bluff,nebraska,1,1
seward,nebraska,1,1
sheridan,nebraska,0,0
sherman,nebraska,0,0
sioux,nebraska,0,0
stanton,nebraska,0,0
thayer,nebraska,0,0
thomas,nebraska,0,0
thurston,nebraska,0,0
valley,nebraska,0,0
washington,nebraska,0,0
wayne,nebraska,0,0
webster,nebraska,0,0
wheeler,nebraska,0,0
york,nebraska,1,1
churchill,nevada,0,0
douglas,nevada,0,0
elko,nevada,0,0
esmeralda,nevada,0,0
eureka,nevada,0,0
humboldt,nevada,1,1
lander,nevada,0,0
lincoln,nevada,0,0
lyon,nevada,1,1
mineral,nevada,1,1
nye,nevada,2,2
pershing,nevada,0,0
storey,nevada,0,0
white pine,nevada,0,0
belknap,new hampshire,0,0
coos,new hampshire,0,0
catron,new mexico,0,0
chaves,new mexico,0,0
cibola,new mexico,1,1
colfax,new mexico,0,0
curry,new mexico,0,0
de baca,new mexico,0,0
doa ana,new mexico,0,0
eddy,new mexico,0,0
grant,new mexico,1,1
guadalupe,new mexico,1,2
harding,new mexico,0,0
hidalgo,new mexico,0,0
lincoln,new mexico,0,0
los alamos,new mexico,0,0
luna,new mexico,0,0
mora,new mexico,0,0
otero,new mexico,0,0
quay,new mexico,1,1
rio arriba,new mexico,0,0
roosevelt,new mexico,0,0
san juan,new mexico,27,29
sierra,new mexico,0,0
torrance,new mexico,0,0
union,new mexico,0,0
valencia,new mexico,3,3
bronx,new york,0,0
cattaraugus,new york,1,1
cayuga,new york,1,1
chautauqua,new york,1,1
chemung,new york,0,0
franklin,new york,0,0
kings,new york,0,0
lewis,new york,0,0
madison,new york,0,0
orleans,new york,4,4
oswego,new york,0,0
otsego,new york,0,0
queens,new york,0,0
richmond,new york,0,0
schuyler,new york,0,0
seneca,new york,0,0
st. lawrence,new york,4,4
yates,new york,1,1
alexander,north carolina,0,0
alleghany,north carolina,0,0
anson,north carolina,1,1
ashe,north carolina,0,0
avery,north carolina,0,0
beaufort,north carolina,0,0
bertie,north carolina,2,2
bladen,north carolina,1,1
burke,north carolina,3,3
caldwell,north carolina,1,1
camden,north carolina,0,0
caswell,north carolina,1,1
clay,north carolina,0,0
cleveland,north carolina,0,0
columbus,north carolina,7,7
currituck,north carolina,0,0
dare,north carolina,0,0
duplin,north carolina,4,5
edgecombe,north carolina,5,5
gates,north carolina,0,0
graham,north carolina,0,0
greene,north carolina,0,0
halifax,north carolina,2,2
haywood,north carolina,0,0
hertford,north carolina,1,1
jackson,north carolina,0,0
jones,north carolina,1,1
lenoir,north carolina,2,2
macon,north carolina,0,0
madison,north carolina,0,0
martin,north carolina,1,1
mcdowell,north carolina,0,0
mitchell,north carolina,0,0
northampton,north carolina,0,0
pamlico,north carolina,0,0
pender,north carolina,1,1
perquimans,north carolina,1,1
person,north carolina,1,1
polk,north carolina,0,0
randolph,north carolina,5,5
richmond,north carolina,3,3
rockingham,north carolina,1,1
rutherford,north carolina,8,8
stanly,north carolina,1,1
stokes,north carolina,0,0
surry,north carolina,1,0
swain,north carolina,0,0
transylvania,north carolina,0,0
tyrrell,north carolina,0,0
vance,north carolina,2,2
warren,north carolina,0,0
washington,north carolina,1,1
wilkes,north carolina,1,1
yadkin,north carolina,0,0
yancey,north carolina,0,0
adams,north dakota,0,0
barnes,north dakota,0,0
benson,north dakota,0,0
billings,north dakota,0,0
bottineau,north dakota,0,0
bowman,north dakota,0,0
burke,north dakota,0,0
cavalier,north dakota,0,0
dickey,north dakota,0,0
divide,north dakota,0,0
dunn,north dakota,1,1
eddy,north dakota,0,0
emmons,north dakota,0,0
foster,north dakota,0,0
golden valley,north dakota,0,0
grand forks,north dakota,18,19
grant,north dakota,0,0
griggs,north dakota,0,0
hettinger,north dakota,0,0
kidder,north dakota,0,0
lamoure,north dakota,0,0
logan,north dakota,0,0
mchenry,north dakota,0,0
mcintosh,north dakota,0,0
mckenzie,north dakota,0,0
mclean,north dakota,0,0
mercer,north dakota,0,0
mountrail,north dakota,0,0
nelson,north dakota,0,0
oliver,north dakota,0,0
pembina,north dakota,0,0
ransom,north dakota,0,0
renville,north dakota,0,0
richland,north dakota,1,1
rolette,north dakota,0,0
sargent,north dakota,0,0
sheridan,north dakota,0,0
sioux,north dakota,0,0
slope,north dakota,0,0
stark,north dakota,0,0
steele,north dakota,0,0
stutsman,north dakota,0,0
towner,north dakota,0,0
traill,north dakota,0,0
walsh,north dakota,0,0
wells,north dakota,0,0
williams,north dakota,0,0
adams,ohio,0,0
allen,ohio,8,8
athens,ohio,0,0
auglaize,ohio,2,2
brown,ohio,1,1
champaign,ohio,0,0
crawford,ohio,2,2
fairfield,ohio,1,0
fayette,ohio,0,0
fulton,ohio,1,1
guernsey,ohio,1,1
hardin,ohio,2,2
harrison,ohio,0,0
henry,ohio,0,0
highland,ohio,0,0
hocking,ohio,0,0
holmes,ohio,0,0
jackson,ohio,0,0
jefferson,ohio,0,0
lawrence,ohio,1,0
logan,ohio,0,1
meigs,ohio,0,0
mercer,ohio,0,0
monroe,ohio,0,0
morgan,ohio,0,0
morrow,ohio,2,2
muskingum,ohio,0,0
noble,ohio,1,1
ottawa,ohio,3,3
paulding,ohio,1,1
perry,ohio,0,0
pickaway,ohio,187,204
pike,ohio,0,0
preble,ohio,1,1
putnam,ohio,7,8
ross,ohio,3,3
sandusky,ohio,1,1
scioto,ohio,1,1
seneca,ohio,0,0
shelby,ohio,0,0
van wert,ohio,0,0
vinton,ohio,0,0
wayne,ohio,4,4
williams,ohio,3,4
wyandot,ohio,1,1
adair,oklahoma,2,2
alfalfa,oklahoma,0,0
atoka,oklahoma,0,0
beaver,oklahoma,0,0
beckham,oklahoma,0,0
blaine,oklahoma,0,0
bryan,oklahoma,0,0
caddo,oklahoma,4,4
carter,oklahoma,0,0
cherokee,oklahoma,0,0
choctaw,oklahoma,0,0
cimarron,oklahoma,0,0
coal,oklahoma,0,0
comanche,oklahoma,1,0
cotton,oklahoma,0,0
craig,oklahoma,0,0
creek,oklahoma,0,0
delaware,oklahoma,5,5
dewey,oklahoma,0,0
ellis,oklahoma,0,0
garfield,oklahoma,0,0
grant,oklahoma,0,0
greer,oklahoma,2,2
harmon,oklahoma,0,0
harper,oklahoma,0,0
haskell,oklahoma,1,1
hughes,oklahoma,0,0
jefferson,oklahoma,0,0
johnston,oklahoma,0,0
kingfisher,oklahoma,0,0
kiowa,oklahoma,0,0
latimer,oklahoma,0,0
le flore,oklahoma,1,1
lincoln,oklahoma,0,0
love,oklahoma,0,0
major,oklahoma,0,0
marshall,oklahoma,0,0
mayes,oklahoma,0,0
mccurtain,oklahoma,1,0
mcintosh,oklahoma,0,0
murray,oklahoma,0,0
nowata,oklahoma,0,0
okfuskee,oklahoma,0,0
okmulgee,oklahoma,0,0
osage,oklahoma,1,0
ottawa,oklahoma,1,0
pittsburg,oklahoma,1,1
pontotoc,oklahoma,0,0
pottawatomie,oklahoma,1,1
pushmataha,oklahoma,0,0
roger mills,oklahoma,0,0
rogers,oklahoma,2,2
seminole,oklahoma,0,0
sequoyah,oklahoma,0,0
stephens,oklahoma,0,0
texas,oklahoma,7,8
tillman,oklahoma,0,0
wagoner,oklahoma,2,1
washita,oklahoma,0,1
woods,oklahoma,1,1
woodward,oklahoma,0,0
baker,oregon,0,0
clatsop,oregon,0,0
columbia,oregon,0,0
coos,oregon,1,1
crook,oregon,0,0
curry,oregon,0,0
gilliam,oregon,0,0
harney,oregon,0,0
hood river,oregon,0,0
jefferson,oregon,0,0
lake,oregon,0,0
lincoln,oregon,0,0
malheur,oregon,0,0
morrow,oregon,0,0
sherman,oregon,0,0
tillamook,oregon,0,0
wallowa,oregon,0,0
wasco,oregon,0,0
wheeler,oregon,0,0
armstrong,pennsylvania,1,1
bedford,pennsylvania,2,2
blair,pennsylvania,1,1
bradford,pennsylvania,1,1
cambria,pennsylvania,1,1
cameron,pennsylvania,0,0
carbon,pennsylvania,5,5
clarion,pennsylvania,1,1
clearfield,pennsylvania,0,0
clinton,pennsylvania,1,1
crawford,pennsylvania,0,0
elk,pennsylvania,0,0
forest,pennsylvania,0,0
fulton,pennsylvania,0,0
greene,pennsylvania,0,0
huntingdon,pennsylvania,1,1
indiana,pennsylvania,3,3
jefferson,pennsylvania,0,0
juniata,pennsylvania,5,4
lawrence,pennsylvania,0,0
lycoming,pennsylvania,2,2
mckean,pennsylvania,0,0
mifflin,pennsylvania,2,1
northumberland,pennsylvania,5,5
perry,pennsylvania,1,1
snyder,pennsylvania,1,1
somerset,pennsylvania,1,1
sullivan,pennsylvania,0,0
susquehanna,pennsylvania,6,6
tioga,pennsylvania,0,0
union,pennsylvania,1,1
venango,pennsylvania,0,0
warren,pennsylvania,0,0
wyoming,pennsylvania,1,1
allendale,south carolina,0,0
bamberg,south carolina,0,0
barnwell,south carolina,1,1
cherokee,south carolina,1,1
chester,south carolina,0,0
chesterfield,south carolina,1,1
georgetown,south carolina,0,0
laurens,south carolina,1,1
marion,south carolina,2,2
mccormick,south carolina,0,0
oconee,south carolina,0,0
union,south carolina,0,0
williamsburg,south carolina,2,3
aurora,south dakota,0,0
bennett,south dakota,0,0
brookings,south dakota,0,0
brule,south dakota,0,0
buffalo,south dakota,0,0
butte,south dakota,0,0
campbell,south dakota,0,0
clark,south dakota,0,0
clay,south dakota,0,0
codington,south dakota,0,0
corson,south dakota,0,0
custer,south dakota,0,0
day,south dakota,0,0
deuel,south dakota,0,0
dewey,south dakota,0,0
douglas,south dakota,0,0
edmunds,south dakota,0,0
fall river,south dakota,0,0
faulk,south dakota,0,0
grant,south dakota,0,0
gregory,south dakota,0,0
haakon,south dakota,0,0
hamlin,south dakota,0,0
hand,south dakota,0,0
hanson,south dakota,0,0
harding,south dakota,0,0
hughes,south dakota,0,0
hutchinson,south dakota,0,0
hyde,south dakota,0,0
jackson,south dakota,0,0
jerauld,south dakota,0,0
jones,south dakota,0,0
kingsbury,south dakota,0,0
lake,south dakota,0,0
lawrence,south dakota,0,0
lincoln,south dakota,7,7
lyman,south dakota,0,0
marshall,south dakota,0,0
mcpherson,south dakota,0,0
meade,south dakota,0,0
mellette,south dakota,0,0
miner,south dakota,0,0
moody,south dakota,0,0
oglala lakota,south dakota,0,0
perkins,south dakota,0,0
potter,south dakota,0,0
roberts,south dakota,0,0
sanborn,south dakota,0,0
spink,south dakota,0,0
stanley,south dakota,0,0
sully,south dakota,0,0
todd,south dakota,0,0
tripp,south dakota,0,0
turner,south dakota,1,1
union,south dakota,1,1
walworth,south dakota,0,0
yankton,south dakota,0,0
ziebach,south dakota,0,0
bedford,tennessee,14,15
benton,tennessee,0,0
bledsoe,tennessee,75,91
cannon,tennessee,0,0
carter,tennessee,0,0
claiborne,tennessee,0,0
clay,tennessee,0,0
coffee,tennessee,2,2
crockett,tennessee,1,1
decatur,tennessee,0,0
dekalb,tennessee,0,0
fentress,tennessee,0,0
giles,tennessee,0,0
grainger,tennessee,0,0
grundy,tennessee,0,0
hancock,tennessee,0,0
hardeman,tennessee,0,0
hardin,tennessee,0,0
hawkins,tennessee,0,0
haywood,tennessee,0,0
henderson,tennessee,0,0
henry,tennessee,0,0
hickman,tennessee,2,3
humphreys,tennessee,0,0
jackson,tennessee,0,0
johnson,tennessee,0,0
lake,tennessee,6,8
lauderdale,tennessee,1,1
lawrence,tennessee,0,0
lewis,tennessee,0,0
lincoln,tennessee,0,0
macon,tennessee,1,1
madison,tennessee,4,4
marshall,tennessee,1,1
mcnairy,tennessee,0,0
meigs,tennessee,0,0
moore,tennessee,0,0
morgan,tennessee,0,0
obion,tennessee,1,1
overton,tennessee,0,0
pickett,tennessee,0,0
polk,tennessee,0,0
rhea,tennessee,0,0
sequatchie,tennessee,0,0
smith,tennessee,1,1
stewart,tennessee,0,0
trousdale,tennessee,1,1
unicoi,tennessee,0,0
union,tennessee,0,0
van buren,tennessee,0,0
warren,tennessee,0,0
wayne,tennessee,0,0
weakley,tennessee,0,0
white,tennessee,0,0
anderson,texas,2,2
andrews,texas,1,0
angelina,texas,1,1
aransas,texas,0,0
archer,texas,0,0
armstrong,texas,0,0
austin,texas,0,0
bailey,texas,0,0
bandera,texas,0,0
bastrop,texas,3,3
baylor,texas,0,0
bee,texas,0,0
blanco,texas,0,0
borden,texas,0,0
bosque,texas,0,0
brewster,texas,0,0
briscoe,texas,0,0
brooks,texas,0,0
burleson,texas,0,0
caldwell,texas,0,0
calhoun,texas,0,0
callahan,texas,0,0
camp,texas,0,0
carson,texas,0,0
cass,texas,1,1
cherokee,texas,0,0
childress,texas,0,0
clay,texas,0,0
cochran,texas,0,0
coke,texas,0,0
coleman,texas,0,0
collingsworth,texas,0,0
colorado,texas,0,0
comanche,texas,0,0
concho,texas,0,0
cooke,texas,0,0
coryell,texas,9,9
cottle,texas,0,0
crockett,texas,0,0
crosby,texas,0,0
culberson,texas,0,0
dallam,texas,0,0
dawson,texas,1,1
delta,texas,0,0
dickens,texas,0,0
dimmit,texas,0,0
donley,texas,1,0
duval,texas,0,0
eastland,texas,0,0
ector,texas,2,2
edwards,texas,0,0
erath,texas,0,0
falls,texas,0,0
fisher,texas,0,0
floyd,texas,0,0
foard,texas,0,0
franklin,texas,0,0
freestone,texas,0,0
frio,texas,0,0
gaines,texas,0,0
garza,texas,0,0
gillespie,texas,0,0
glasscock,texas,0,0
goliad,texas,0,0
gonzales,texas,0,0
gray,texas,2,2
grayson,texas,0,0
hale,texas,1,1
hall,texas,0,0
hamilton,texas,0,0
hansford,texas,0,0
hardeman,texas,0,0
harrison,texas,6,6
hartley,texas,1,1
haskell,texas,0,0
hemphill,texas,0,0
henderson,texas,2,2
hill,texas,1,1
hood,texas,0,0
hopkins,texas,0,0
houston,texas,1,1
howard,texas,0,1
hudspeth,texas,0,0
hunt,texas,2,2
hutchinson,texas,1,1
irion,texas,0,0
jack,texas,0,0
jackson,texas,0,0
jasper,texas,1,1
jeff davis,texas,0,0
jim hogg,texas,0,0
jim wells,texas,0,0
jones,texas,1,1
karnes,texas,0,0
kaufman,texas,4,4
kenedy,texas,0,0
kent,texas,0,0
kerr,texas,0,0
kimble,texas,0,0
king,texas,0,0
kinney,texas,0,0
kleberg,texas,0,0
knox,texas,0,0
la salle,texas,0,0
lamb,texas,0,0
lampasas,texas,0,0
lee,texas,0,0
leon,texas,0,0
limestone,texas,0,0
lipscomb,texas,0,0
live oak,texas,0,0
llano,texas,0,0
loving,texas,0,0
lynn,texas,0,0
madison,texas,0,0
marion,texas,1,1
martin,texas,0,0
mason,texas,0,0
maverick,texas,0,0
mcculloch,texas,0,0
mcmullen,texas,0,0
menard,texas,0,0
mills,texas,0,0
mitchell,texas,0,0
montague,texas,0,0
moore,texas,19,20
morris,texas,0,0
motley,texas,0,0
nacogdoches,texas,8,8
navarro,texas,1,1
newton,texas,0,0
nolan,texas,0,0
ochiltree,texas,0,0
orange,texas,2,2
palo pinto,texas,0,0
panola,texas,7,8
parker,texas,1,1
parmer,texas,1,1
pecos,texas,0,0
polk,texas,1,1
potter,texas,17,19
presidio,texas,0,0
rains,texas,0,0
reagan,texas,0,0
real,texas,0,0
red river,texas,0,0
reeves,texas,0,0
refugio,texas,0,0
roberts,texas,0,0
robertson,texas,0,0
rockwall,texas,2,2
runnels,texas,0,0
sabine,texas,0,0
san augustine,texas,1,1
san jacinto,texas,1,1
san patricio,texas,0,0
san saba,texas,0,0
schleicher,texas,0,0
scurry,texas,0,0
shackelford,texas,0,0
shelby,texas,6,6
sherman,texas,2,1
somervell,texas,0,0
starr,texas,0,0
stephens,texas,0,0
sterling,texas,0,0
stonewall,texas,0,0
sutton,texas,0,0
swisher,texas,0,0
taylor,texas,16,17
terrell,texas,0,0
terry,texas,0,0
throckmorton,texas,0,0
titus,texas,1,1
tom green,texas,0,0
trinity,texas,0,0
tyler,texas,0,0
upton,texas,0,0
uvalde,texas,0,0
val verde,texas,0,0
victoria,texas,2,1
waller,texas,1,1
ward,texas,0,0
washington,texas,4,4
wheeler,texas,1,1
wilbarger,texas,0,0
willacy,texas,0,0
wilson,texas,1,1
winkler,texas,0,0
wise,texas,1,1
wood,texas,0,0
yoakum,texas,0,0
young,texas,0,0
zapata,texas,0,0
zavala,texas,0,0
beaver,utah,0,1
carbon,utah,0,0
daggett,utah,0,0
duchesne,utah,0,0
emery,utah,0,0
garfield,utah,0,0
grand,utah,0,0
iron,utah,0,0
juab,utah,0,0
kane,utah,0,0
millard,utah,0,0
morgan,utah,0,0
piute,utah,0,0
rich,utah,0,0
san juan,utah,3,3
sanpete,utah,0,0
sevier,utah,0,0
uintah,utah,1,0
washington,utah,4,4
wayne,utah,0,0
weber,utah,0,0
caledonia,vermont,0,0
essex,vermont,0,0
grand isle,vermont,0,0
lamoille,vermont,0,0
orleans,vermont,0,0
alleghany,virginia,0,0
amelia,virginia,0,0
appomattox,virginia,1,1
augusta,virginia,2,2
bath,virginia,0,0
bland,virginia,0,0
bristol,virginia,0,0
brunswick,virginia,1,1
buchanan,virginia,1,1
buckingham,virginia,2,2
buena vista,virginia,0,0
campbell,virginia,0,0
caroline,virginia,2,2
carroll,virginia,0,0
charlotte,virginia,1,0
chesapeake,virginia,6,5
clarke,virginia,0,0
colonial heights,virginia,4,4
covington,virginia,0,0
craig,virginia,0,0
cumberland,virginia,0,0
dickenson,virginia,0,0
dinwiddie,virginia,1,1
emporia,virginia,2,2
essex,virginia,0,0
fairfax city,virginia,3,3
falls church,virginia,4,4
fauquier,virginia,5,6
floyd,virginia,0,0
franklin city,virginia,1,1
frederick,virginia,2,1
fredericksburg,virginia,1,1
galax,virginia,0,0
giles,virginia,0,0
grayson,virginia,0,0
greene,virginia,0,0
greensville,virginia,2,2
halifax,virginia,1,1
hampton,virginia,2,2
henry,virginia,1,0
highland,virginia,0,0
hopewell,virginia,0,0
king and queen,virginia,0,0
king george,virginia,1,1
king william,virginia,0,0
lancaster,virginia,0,0
lexington,virginia,0,0
lunenburg,virginia,0,0
lynchburg,virginia,2,2
madison,virginia,1,1
manassas,virginia,11,12
manassas park,virginia,4,4
martinsville,virginia,0,0
mathews,virginia,0,0
middlesex,virginia,0,0
montgomery,virginia,3,3
nelson,virginia,0,0
new kent,virginia,1,0
northampton,virginia,1,1
northumberland,virginia,0,0
norton,virginia,0,0
nottoway,virginia,1,1
orange,virginia,1,1
page,virginia,3,3
patrick,virginia,0,0
petersburg,virginia,1,1
pittsylvania,virginia,1,1
poquoson,virginia,0,0
portsmouth,virginia,5,5
powhatan,virginia,0,0
prince george,virginia,0,0
pulaski,virginia,1,1
radford,virginia,0,0
rappahannock,virginia,0,0
richmond city,virginia,7,7
roanoke,virginia,3,3
roanoke city,virginia,1,1
russell,virginia,0,0
salem,virginia,1,1
scott,virginia,0,0
shenandoah,virginia,5,5
smyth,virginia,0,0
southampton,virginia,9,10
staunton,virginia,1,1
surry,virginia,0,0
sussex,virginia,3,3
tazewell,virginia,0,0
warren,virginia,2,3
washington,virginia,1,1
waynesboro,virginia,1,0
westmoreland,virginia,1,1
winchester,virginia,1,1
wise,virginia,1,1
wythe,virginia,0,0
adams,washington,0,0
asotin,washington,1,1
douglas,washington,5,6
ferry,washington,0,0
okanogan,washington,0,0
pacific,washington,0,1
pend oreille,washington,0,0
skamania,washington,0,0
wahkiakum,washington,0,0
walla walla,washington,3,3
barbour,west virginia,0,0
berkeley,west virginia,2,2
boone,west virginia,0,0
braxton,west virginia,0,0
brooke,west virginia,0,0
cabell,west virginia,2,2
calhoun,west virginia,0,0
clay,west virginia,0,0
doddridge,west virginia,0,0
fayette,west virginia,1,1
gilmer,west virginia,0,0
grant,west virginia,0,0
greenbrier,west virginia,0,0
hampshire,west virginia,0,0
hancock,west virginia,0,0
hardy,west virginia,0,0
harrison,west virginia,0,0
lewis,west virginia,0,0
lincoln,west virginia,0,0
logan,west virginia,0,0
marion,west virginia,1,0
mason,west virginia,0,0
mcdowell,west virginia,0,0
mineral,west virginia,1,1
mingo,west virginia,0,0
monroe,west virginia,1,1
morgan,west virginia,1,1
nicholas,west virginia,0,0
ohio,west virginia,0,0
pendleton,west virginia,0,0
pleasants,west virginia,0,0
pocahontas,west virginia,0,0
preston,west virginia,0,0
raleigh,west virginia,0,0
randolph,west virginia,0,0
ritchie,west virginia,0,0
roane,west virginia,0,0
summers,west virginia,0,0
taylor,west virginia,0,0
tyler,west virginia,0,0
upshur,west virginia,0,0
wayne,west virginia,7,5
webster,west virginia,0,0
wetzel,west virginia,0,0
wirt,west virginia,0,0
wood,west virginia,2,2
wyoming,west virginia,0,0
adams,wisconsin,0,0
ashland,wisconsin,0,0
barron,wisconsin,0,0
buffalo,wisconsin,0,0
burnett,wisconsin,0,0
clark,wisconsin,1,1
crawford,wisconsin,0,0
dodge,wisconsin,0,0
door,wisconsin,0,0
florence,wisconsin,0,0
forest,wisconsin,0,0
grant,wisconsin,2,2
green lake,wisconsin,0,0
iowa,wisconsin,0,0
iron,wisconsin,0,0
jackson,wisconsin,0,0
juneau,wisconsin,0,0
kewaunee,wisconsin,1,1
lafayette,wisconsin,0,0
langlade,wisconsin,0,0
lincoln,wisconsin,0,0
manitowoc,wisconsin,1,1
marinette,wisconsin,0,0
marquette,wisconsin,0,0
menominee,wisconsin,0,0
monroe,wisconsin,0,0
oconto,wisconsin,0,0
oneida,wisconsin,0,0
pepin,wisconsin,0,0
polk,wisconsin,0,0
portage,wisconsin,0,0
price,wisconsin,0,0
richland,wisconsin,0,0
rusk,wisconsin,0,0
sawyer,wisconsin,0,0
shawano,wisconsin,0,0
taylor,wisconsin,0,0
trempealeau,wisconsin,0,0
vernon,wisconsin,0,0
vilas,wisconsin,0,0
washburn,wisconsin,0,0
waupaca,wisconsin,0,0
waushara,wisconsin,0,0
albany,wyoming,0,0
big horn,wyoming,0,0
converse,wyoming,1,1
crook,wyoming,0,0
goshen,wyoming,0,0
hot springs,wyoming,0,0
johnson,wyoming,0,0
lincoln,wyoming,0,0
niobrara,wyoming,0,0
platte,wyoming,0,0
sublette,wyoming,0,0
sweetwater,wyoming,1,1
uinta,wyoming,0,0
washakie,wyoming,0,0
weston,wyoming,0,0
garfield,washington,0,0
kansas city,missouri,1,1
out of mi,michigan,0,0
out of tn,tennessee,0,0
out of ut,utah,3,2
out of ok,oklahoma,0,0
out of co,colorado,0,0
out of hi,hawaii,0,0
washington county,utah,9,4
federal correctional institution (fci),michigan,0,0
michigan department of corrections (mdoc),michigan,18,79
out of ga,georgia,16,0
bear river,utah,0,0
central utah,utah,1,0
southeast utah,utah,0,0
southwest utah,utah,0,0
tricounty,utah,0,0
weber-morgan,utah,0,1
